0.2544642857142857,0.42857142857142855,0.3169642857142857,,,R,G,B
0.25,0.42857142857142855,0.32142857142857145,,,0.250799863,0.430309735,0.319095391
0.252212389,0.42920353982300885,0.3185840707964602,,,,,
0.25,0.42857142857142855,0.32142857142857145,,,,,
0.25217391304347825,0.4260869565217391,0.3217391304347826,,,,,
0.2511013215859031,0.42731277533039647,0.32158590308370044,,,,,
0.2599118942731278,0.42290748898678415,0.31718061674008813,,,,,
0.2544642857142857,0.42857142857142855,0.3169642857142857,,,,,
0.252212389,0.42920353982300885,0.3185840707964602,,,,,
0.252212389,0.42920353982300885,0.3185840707964602,,,,,
0.25877192982456143,0.42543859649122806,0.3157894736842105,,,,,
0.2555066079295154,0.42731277533039647,0.31718061674008813,,,,,
0.25333333333333335,0.4266666666666667,0.32,,,,,
0.2576419213973799,0.4279475982532751,0.31441048,,,,,
0.252212389,0.42920353982300885,0.3185840707964602,,,,,
0.25,0.42857142857142855,0.32142857142857145,,,,,
0.2544642857142857,0.42410714285714285,0.32142857142857145,,,,,
0.2543859649122807,0.4298245614035088,0.3157894736842105,,,,,
0.25877192982456143,0.4166666666666667,0.32456140350877194,,,,,
0.2544642857142857,0.4375,0.3080357142857143,,,,,
0.25112107623318386,0.4260089686098655,0.32286995515695066,,,,,
0.2555066079295154,0.42731277533039647,0.31718061674008813,,,,,
0.25,0.42857142857142855,0.32142857142857145,,,,,
0.25333333333333335,0.4266666666666667,0.32,,,,,
0.252212389,0.42920353982300885,0.3185840707964602,,,,,
0.252212389,0.4247787610619469,0.3230088495575221,,,,,
0.2555066079295154,0.42731277533039647,0.31718061674008813,,,,,
0.2576419213973799,0.4192139737991266,0.3231441048034934,,,,,
0.25217391304347825,0.4260869565217391,0.3217391304347826,,,,,
0.2544642857142857,0.42857142857142855,0.3169642857142857,,,,,
0.24774774774774774,0.43243243243243246,0.31981981981981983,,,,,
0.25663716814159293,0.4247787610619469,0.3185840707964602,,,,,
0.25877192982456143,0.42543859649122806,0.3157894736842105,,,,,
0.25327510917030566,0.4279475982532751,0.31877729257641924,,,,,
0.2608695652173913,0.4217391304347826,0.3173913043478261,,,,,
0.2555066079295154,0.42731277533039647,0.31718061674008813,,,,,
0.2543859649122807,0.42543859649122806,0.3201754385964912,,,,,
0.24888888888888888,0.4266666666666667,0.3244444444444444,,,,,
0.2555066079295154,0.42731277533039647,0.31718061674008813,,,,,
0.2577777777777778,0.4222222222222222,0.32,,,,,
0.25333333333333335,0.4266666666666667,0.32,,,,,
0.2565217391304348,0.4260869565217391,0.3173913043478261,,,,,
0.25339366515837103,0.4298642533936652,0.3167420814479638,,,,,
0.252212389,0.42920353982300885,0.3185840707964602,,,,,
0.25862068965517243,0.4267241379310345,0.3146551724137931,,,,,
0.25,0.4318181818181818,0.3181818181818182,,,,,
0.25333333333333335,0.4311111111111111,0.31555555555555553,,,,,
0.24774774774774774,0.42792792792792794,0.32432432432432434,,,,,
0.2554112554112554,0.4329004329004329,0.3116883116883117,,,,,
0.252212389,0.4247787610619469,0.3230088495575221,,,,,
0.2511013215859031,0.42731277533039647,0.32158590308370044,,,,,
0.2599118942731278,0.42290748898678415,0.31718061674008813,,,,,
0.2511013215859031,0.42731277533039647,0.32158590308370044,,,,,
0.25877192982456143,0.42105263157894735,0.3201754385964912,,,,,
0.25112107623318386,0.4304932735426009,0.3183856502242152,,,,,
0.24888888888888888,0.4311111111111111,0.32,,,,,
0.2511013215859031,0.42731277533039647,0.32158590308370044,,,,,
0.252212389,0.42035398230088494,0.3274336283185841,,,,,
0.25112107623318386,0.4304932735426009,0.3183856502242152,,,,,
0.25327510917030566,0.4279475982532751,0.31877729257641924,,,,,
0.25333333333333335,0.4266666666666667,0.32,,,,,
0.248868778,0.4298642533936652,0.3212669683257919,,,,,
0.2556053811659193,0.4304932735426009,0.31390134529147984,,,,,
0.2544642857142857,0.42857142857142855,0.3169642857142857,,,,,
0.25,0.42857142857142855,0.32142857142857145,,,,,
0.24778761061946902,0.4336283185840708,0.3185840707964602,,,,,
0.25327510917030566,0.4279475982532751,0.31877729257641924,,,,,
0.2555066079295154,0.42290748898678415,0.32158590308370044,,,,,
0.24778761061946902,0.4247787610619469,0.3274336283185841,,,,,
0.25663716814159293,0.42920353982300885,0.3141592920353982,,,,,
0.2555066079295154,0.42731277533039647,0.31718061674008813,,,,,
0.2510822510822511,0.42424242424242425,0.3246753246753247,,,,,
0.2544642857142857,0.42857142857142855,0.3169642857142857,,,,,
0.2554112554112554,0.42424242424242425,0.3203463203463203,,,,,
0.2577777777777778,0.4266666666666667,0.31555555555555553,,,,,
0.25,0.42857142857142855,0.32142857142857145,,,,,
0.24888888888888888,0.4311111111111111,0.32,,,,,
0.25217391304347825,0.4260869565217391,0.3217391304347826,,,,,
0.25217391304347825,0.4260869565217391,0.3217391304347826,,,,,
0.25333333333333335,0.4222222222222222,0.3244444444444444,,,,,
0.24888888888888888,0.4266666666666667,0.3244444444444444,,,,,
0.2544642857142857,0.41964285714285715,0.32589285714285715,,,,,
0.2554112554112554,0.42424242424242425,0.3203463203463203,,,,,
0.25225225225225223,0.42792792792792794,0.31981981981981983,,,,,
0.25333333333333335,0.4311111111111111,0.31555555555555553,,,,,
0.2577777777777778,0.4222222222222222,0.32,,,,,
0.2564102564102564,0.4230769230769231,0.32051282051282054,,,,,
0.25217391304347825,0.4260869565217391,0.3217391304347826,,,,,
0.2565217391304348,0.4260869565217391,0.3173913043478261,,,,,
0.2555066079295154,0.42731277533039647,0.31718061674008813,,,,,
0.2555066079295154,0.42290748898678415,0.32158590308370044,,,,,
0.2511013215859031,0.42731277533039647,0.32158590308370044,,,,,
0.2544642857142857,0.42410714285714285,0.32142857142857145,,,,,
0.24669603524229075,0.43171806167400884,0.32158590308370044,,,,,
0.2511013215859031,0.42731277533039647,0.32158590308370044,,,,,
0.25,0.4298245614035088,0.3201754385964912,,,,,
0.25327510917030566,0.4279475982532751,0.31877729257641924,,,,,
0.252212389,0.4247787610619469,0.3230088495575221,,,,,
0.25333333333333335,0.4266666666666667,0.32,,,,,
0.25327510917030566,0.4279475982532751,0.31877729257641924,,,,,
0.25663716814159293,0.42920353982300885,0.3141592920353982,,,,,
0.252212389,0.4247787610619469,0.3230088495575221,,,,,
0.25,0.4330357142857143,0.3169642857142857,,,,,
0.25225225225225223,0.43243243243243246,0.3153153153153153,,,,,
0.25333333333333335,0.4266666666666667,0.32,,,,,
0.2554112554112554,0.42424242424242425,0.3203463203463203,,,,,
0.25339366515837103,0.4298642533936652,0.3167420814479638,,,,,
0.252212389,0.42920353982300885,0.3185840707964602,,,,,
0.26521739130434785,0.41739130434782606,0.3173913043478261,,,,,
0.25333333333333335,0.4266666666666667,0.32,,,,,
0.24324324324324326,0.43243243243243246,0.32432432432432434,,,,,
0.2544642857142857,0.42857142857142855,0.3169642857142857,,,,,
0.25333333333333335,0.4266666666666667,0.32,,,,,
0.2511013215859031,0.42731277533039647,0.32158590308370044,,,,,
0.2543859649122807,0.42543859649122806,0.3201754385964912,,,,,
0.2554112554112554,0.4155844155844156,0.329004329,,,,,
0.25333333333333335,0.4266666666666667,0.32,,,,,
0.25333333333333335,0.4311111111111111,0.31555555555555553,,,,,
0.25112107623318386,0.4304932735426009,0.3183856502242152,,,,,
0.25675675675675674,0.42792792792792794,0.3153153153153153,,,,,
0.2511013215859031,0.42731277533039647,0.32158590308370044,,,,,
0.25877192982456143,0.42543859649122806,0.3157894736842105,,,,,
0.2543103448275862,0.4224137931034483,0.3232758620689655,,,,,
0.25,0.42857142857142855,0.32142857142857145,,,,,
0.25663716814159293,0.4247787610619469,0.3185840707964602,,,,,
0.25112107623318386,0.4304932735426009,0.3183856502242152,,,,,
0.2511013215859031,0.42731277533039647,0.32158590308370044,,,,,
0.2565217391304348,0.4260869565217391,0.3173913043478261,,,,,
0.2545454545454545,0.4318181818181818,0.31363636363636366,,,,,
0.25327510917030566,0.4279475982532751,0.31877729257641924,,,,,
0.252212389,0.42920353982300885,0.3185840707964602,,,,,
0.25663716814159293,0.4247787610619469,0.3185840707964602,,,,,
0.2555066079295154,0.42290748898678415,0.32158590308370044,,,,,
0.24888888888888888,0.4266666666666667,0.3244444444444444,,,,,
0.2565217391304348,0.4260869565217391,0.3173913043478261,,,,,
0.25,0.42857142857142855,0.32142857142857145,,,,,
0.25,0.42857142857142855,0.32142857142857145,,,,,
0.25327510917030566,0.42358078602620086,0.3231441048034934,,,,,
0.2556053811659193,0.4304932735426009,0.31390134529147984,,,,,
0.2565217391304348,0.4260869565217391,0.3173913043478261,,,,,
0.2511013215859031,0.42731277533039647,0.32158590308370044,,,,,
0.24444444444444444,0.43555555555555553,0.32,,,,,
0.2576419213973799,0.42358078602620086,0.31877729257641924,,,,,
0.25333333333333335,0.4266666666666667,0.32,,,,,
0.252212389,0.42920353982300885,0.3185840707964602,,,,,
0.25,0.4298245614035088,0.3201754385964912,,,,,
0.25,0.42857142857142855,0.32142857142857145,,,,,
0.248868778,0.4298642533936652,0.3212669683257919,,,,,
0.2556053811659193,0.4260089686098655,0.3183856502242152,,,,,
0.25112107623318386,0.4304932735426009,0.3183856502242152,,,,,
0.2511013215859031,0.42731277533039647,0.32158590308370044,,,,,
0.25,0.4318181818181818,0.3181818181818182,,,,,
0.2543859649122807,0.42543859649122806,0.3201754385964912,,,,,
0.24890829694323144,0.43231441048034935,0.31877729257641924,,,,,
0.252212389,0.4247787610619469,0.3230088495575221,,,,,
0.2543103448275862,0.4267241379310345,0.31896551724137934,,,,,
0.2555066079295154,0.42731277533039647,0.31718061674008813,,,,,
0.25,0.4224137931034483,0.3275862068965517,,,,,
0.2554112554112554,0.42857142857142855,0.31601731601731603,,,,,
0.2689075630252101,0.4117647058823529,0.31932773109243695,,,,,
0.25327510917030566,0.4279475982532751,0.31877729257641924,,,,,
0.25663716814159293,0.4247787610619469,0.3185840707964602,,,,,
0.25,0.4298245614035088,0.3201754385964912,,,,,
0.2576419213973799,0.42358078602620086,0.31877729257641924,,,,,
0.25333333333333335,0.4266666666666667,0.32,,,,,
0.2511013215859031,0.43171806167400884,0.31718061674008813,,,,,
0.25339366515837103,0.4253393665158371,0.3212669683257919,,,,,
0.24663677130044842,0.4304932735426009,0.32286995515695066,,,,,
0.2544642857142857,0.42857142857142855,0.3169642857142857,,,,,
0.24890829694323144,0.4279475982532751,0.3231441048034934,,,,,
0.25,0.42857142857142855,0.32142857142857145,,,,,
0.25327510917030566,0.4279475982532751,0.31877729257641924,,,,,
0.2565217391304348,0.4217391304347826,0.3217391304347826,,,,,
0.25663716814159293,0.4247787610619469,0.3185840707964602,,,,,
0.2422907488986784,0.43612334801762115,0.32158590308370044,,,,,
0.25,0.4318181818181818,0.3181818181818182,,,,,
0.24669603524229075,0.43171806167400884,0.32158590308370044,,,,,
0.2555066079295154,0.42731277533039647,0.31718061674008813,,,,,
0.25,0.42543859649122806,0.32456140350877194,,,,,
0.24778761061946902,0.42920353982300885,0.3230088495575221,,,,,
0.2532188841201717,0.4248927038626609,0.3218884120171674,,,,,
0.2565217391304348,0.4260869565217391,0.3173913043478261,,,,,
0.24663677130044842,0.4349775784753363,0.3183856502242152,,,,,
0.25327510917030566,0.4279475982532751,0.31877729257641924,,,,,
0.2554112554112554,0.42424242424242425,0.3203463203463203,,,,,
0.2543859649122807,0.42543859649122806,0.3201754385964912,,,,,
0.2544642857142857,0.42857142857142855,0.3169642857142857,,,,,
0.2555066079295154,0.42731277533039647,0.31718061674008813,,,,,
0.252212389,0.4336283185840708,0.3141592920353982,,,,,
0.24888888888888888,0.4266666666666667,0.3244444444444444,,,,,
0.25112107623318386,0.4304932735426009,0.3183856502242152,,,,,
0.252212389,0.415929204,0.33185840707964603,,,,,
0.25112107623318386,0.4304932735426009,0.3183856502242152,,,,,
0.2543859649122807,0.42543859649122806,0.3201754385964912,,,,,
0.25333333333333335,0.4311111111111111,0.31555555555555553,,,,,
0.2543859649122807,0.42543859649122806,0.3201754385964912,,,,,
0.2576419213973799,0.4279475982532751,0.31441048,,,,,
0.2554112554112554,0.42424242424242425,0.3203463203463203,,,,,
0.25327510917030566,0.4279475982532751,0.31877729257641924,,,,,
0.25,0.42857142857142855,0.32142857142857145,,,,,
0.25333333333333335,0.4266666666666667,0.32,,,,,
0.252212389,0.4247787610619469,0.3230088495575221,,,,,
0.2555066079295154,0.42731277533039647,0.31718061674008813,,,,,
0.25112107623318386,0.4349775784753363,0.31390134529147984,,,,,
0.2543859649122807,0.4298245614035088,0.3157894736842105,,,,,
0.25217391304347825,0.4260869565217391,0.3217391304347826,,,,,
0.25,0.42857142857142855,0.32142857142857145,,,,,
0.252212389,0.43805309734513276,0.30973451327433627,,,,,
0.25327510917030566,0.43231441048034935,0.31441048,,,,,
0.25333333333333335,0.4266666666666667,0.32,,,,,
0.2543103448275862,0.4267241379310345,0.31896551724137934,,,,,
0.2555066079295154,0.42731277533039647,0.31718061674008813,,,,,
0.25327510917030566,0.42358078602620086,0.3231441048034934,,,,,
0.2565217391304348,0.4260869565217391,0.3173913043478261,,,,,
0.2565217391304348,0.4260869565217391,0.3173913043478261,,,,,
0.24347826086956523,0.4260869565217391,0.33043478260869563,,,,,
0.25,0.42857142857142855,0.32142857142857145,,,,,
0.2511013215859031,0.42731277533039647,0.32158590308370044,,,,,
0.2608695652173913,0.4217391304347826,0.3173913043478261,,,,,
0.25,0.4298245614035088,0.3201754385964912,,,,,
0.25333333333333335,0.4266666666666667,0.32,,,,,
0.25663716814159293,0.42920353982300885,0.3141592920353982,,,,,
0.2565217391304348,0.4217391304347826,0.3217391304347826,,,,,
0.2544642857142857,0.42857142857142855,0.3169642857142857,,,,,
0.252212389,0.42920353982300885,0.3185840707964602,,,,,
0.25225225225225223,0.42792792792792794,0.31981981981981983,,,,,
0.24888888888888888,0.4311111111111111,0.32,,,,,
0.2554112554112554,0.42424242424242425,0.3203463203463203,,,,,
0.2545454545454545,0.42727272727272725,0.3181818181818182,,,,,
0.2554112554112554,0.42424242424242425,0.3203463203463203,,,,,
0.25333333333333335,0.4266666666666667,0.32,,,,,
0.25339366515837103,0.4343891402714932,0.31221719457013575,,,,,
0.24311926605504589,0.44036697247706424,0.3165137614678899,,,,,
0.2555066079295154,0.42731277533039647,0.31718061674008813,,,,,
0.24778761061946902,0.42920353982300885,0.3230088495575221,,,,,
0.2543103448275862,0.4224137931034483,0.3232758620689655,,,,,
0.24663677130044842,0.4304932735426009,0.32286995515695066,,,,,
0.25663716814159293,0.4247787610619469,0.3185840707964602,,,,,
0.2543859649122807,0.42543859649122806,0.3201754385964912,,,,,
0.2544642857142857,0.42857142857142855,0.3169642857142857,,,,,
0.24778761061946902,0.42920353982300885,0.3230088495575221,,,,,
0.2544642857142857,0.42857142857142855,0.3169642857142857,,,,,
0.25217391304347825,0.4217391304347826,0.32608695652173914,,,,,
0.25333333333333335,0.4266666666666667,0.32,,,,,
0.2600896860986547,0.4304932735426009,0.3094170403587444,,,,,
0.24890829694323144,0.43231441048034935,0.31877729257641924,,,,,
0.25229357798165136,0.43577981651376146,0.3119266055045872,,,,,
0.24888888888888888,0.4311111111111111,0.32,,,,,
0.25217391304347825,0.4260869565217391,0.3217391304347826,,,,,
0.25327510917030566,0.43231441048034935,0.31441048,,,,,
0.25892857142857145,0.42410714285714285,0.3169642857142857,,,,,
0.2556053811659193,0.42152466367713004,0.32286995515695066,,,,,
0.25327510917030566,0.4279475982532751,0.31877729257641924,,,,,
0.2544642857142857,0.42857142857142855,0.3169642857142857,,,,,
0.25333333333333335,0.4266666666666667,0.32,,,,,
0.2543859649122807,0.42105263157894735,0.32456140350877194,,,,,
0.2545454545454545,0.4318181818181818,0.31363636363636366,,,,,
0.25339366515837103,0.42081447963800905,0.3257918552036199,,,,,
0.25333333333333335,0.4266666666666667,0.32,,,,,
0.2576419213973799,0.42358078602620086,0.31877729257641924,,,,,
0.25333333333333335,0.4311111111111111,0.31555555555555553,,,,,
0.25663716814159293,0.4336283185840708,0.30973451327433627,,,,,
0.2543859649122807,0.42543859649122806,0.3201754385964912,,,,,
0.2543859649122807,0.4298245614035088,0.3157894736842105,,,,,
0.2669491525423729,0.4152542372881356,0.3177966101694915,,,,,
0.25225225225225223,0.42792792792792794,0.31981981981981983,,,,,
0.25333333333333335,0.4266666666666667,0.32,,,,,
0.2544642857142857,0.42857142857142855,0.3169642857142857,,,,,
0.252212389,0.4247787610619469,0.3230088495575221,,,,,
0.2544642857142857,0.42857142857142855,0.3169642857142857,,,,,
0.2511013215859031,0.42731277533039647,0.32158590308370044,,,,,
0.24774774774774774,0.43243243243243246,0.31981981981981983,,,,,
0.25217391304347825,0.4260869565217391,0.3217391304347826,,,,,
0.25877192982456143,0.42543859649122806,0.3157894736842105,,,,,
0.2544642857142857,0.42857142857142855,0.3169642857142857,,,,,
0.2543859649122807,0.42543859649122806,0.3201754385964912,,,,,
0.2555066079295154,0.42731277533039647,0.31718061674008813,,,,,
0.2565217391304348,0.4260869565217391,0.3173913043478261,,,,,
0.25112107623318386,0.4304932735426009,0.3183856502242152,,,,,
0.25333333333333335,0.4266666666666667,0.32,,,,,
0.2510822510822511,0.42857142857142855,0.3203463203463203,,,,,
0.2565217391304348,0.4260869565217391,0.3173913043478261,,,,,
0.25112107623318386,0.42152466367713004,0.3273542600896861,,,,,
0.25327510917030566,0.4279475982532751,0.31877729257641924,,,,,
0.25,0.4298245614035088,0.3201754385964912,,,,,
0.2576419213973799,0.4279475982532751,0.31441048,,,,,
0.25112107623318386,0.4304932735426009,0.3183856502242152,,,,,
0.252212389,0.42920353982300885,0.3185840707964602,,,,,
0.252212389,0.42920353982300885,0.3185840707964602,,,,,
0.2543103448275862,0.4267241379310345,0.31896551724137934,,,,,
0.25112107623318386,0.4304932735426009,0.3183856502242152,,,,,
0.2565217391304348,0.43043478260869567,0.3130434782608696,,,,,
0.25,0.4330357142857143,0.3169642857142857,,,,,
0.2577777777777778,0.4222222222222222,0.32,,,,,
0.25333333333333335,0.4266666666666667,0.32,,,,,
0.25,0.42727272727272725,0.32272727272727275,,,,,
0.2555066079295154,0.42731277533039647,0.31718061674008813,,,,,
0.24778761061946902,0.42920353982300885,0.3230088495575221,,,,,
0.25217391304347825,0.4260869565217391,0.3217391304347826,,,,,
0.2555066079295154,0.42731277533039647,0.31718061674008813,,,,,
0.24663677130044842,0.4349775784753363,0.3183856502242152,,,,,
0.25877192982456143,0.42543859649122806,0.3157894736842105,,,,,
0.2565217391304348,0.4260869565217391,0.3173913043478261,,,,,
0.2511013215859031,0.42731277533039647,0.32158590308370044,,,,,
0.25333333333333335,0.4266666666666667,0.32,,,,,
0.2599118942731278,0.43171806167400884,0.30837004405286345,,,,,
0.25333333333333335,0.4266666666666667,0.32,,,,,
0.25663716814159293,0.42920353982300885,0.3141592920353982,,,,,
0.25,0.4375,0.3125,,,,,
0.2544642857142857,0.42857142857142855,0.3169642857142857,,,,,
0.2543859649122807,0.42543859649122806,0.3201754385964912,,,,,
0.2555066079295154,0.42290748898678415,0.32158590308370044,,,,,
0.25217391304347825,0.43043478260869567,0.3173913043478261,,,,,
0.2511013215859031,0.43171806167400884,0.31718061674008813,,,,,
0.25877192982456143,0.42543859649122806,0.3157894736842105,,,,,
0.24774774774774774,0.43243243243243246,0.31981981981981983,,,,,
0.2543859649122807,0.4298245614035088,0.3157894736842105,,,,,
0.2555066079295154,0.42290748898678415,0.32158590308370044,,,,,
0.2544642857142857,0.42857142857142855,0.3169642857142857,,,,,
0.2543859649122807,0.4298245614035088,0.3157894736842105,,,,,
0.2556053811659193,0.4260089686098655,0.3183856502242152,,,,,
0.2576419213973799,0.42358078602620086,0.31877729257641924,,,,,
0.2544642857142857,0.42857142857142855,0.3169642857142857,,,,,
0.2555066079295154,0.42731277533039647,0.31718061674008813,,,,,
0.25,0.4318181818181818,0.3181818181818182,,,,,
0.2545454545454545,0.4318181818181818,0.31363636363636366,,,,,
0.25327510917030566,0.4279475982532751,0.31877729257641924,,,,,
0.24888888888888888,0.4266666666666667,0.3244444444444444,,,,,
0.2543859649122807,0.4298245614035088,0.3157894736842105,,,,,
0.25333333333333335,0.4311111111111111,0.31555555555555553,,,,,
0.2556053811659193,0.4260089686098655,0.3183856502242152,,,,,
0.2555066079295154,0.42731277533039647,0.31718061674008813,,,,,
0.2543859649122807,0.4298245614035088,0.3157894736842105,,,,,
0.26521739130434785,0.41304347826086957,0.3217391304347826,,,,,
0.2555066079295154,0.42290748898678415,0.32158590308370044,,,,,
0.25225225225225223,0.42792792792792794,0.31981981981981983,,,,,
0.2543859649122807,0.4342105263157895,0.31140350877192985,,,,,
0.2576419213973799,0.42358078602620086,0.31877729257641924,,,,,
0.2543859649122807,0.42543859649122806,0.3201754385964912,,,,,
0.25225225225225223,0.42792792792792794,0.31981981981981983,,,,,
0.2599118942731278,0.42290748898678415,0.31718061674008813,,,,,
0.25333333333333335,0.4266666666666667,0.32,,,,,
0.252212389,0.4247787610619469,0.3230088495575221,,,,,
0.2554112554112554,0.42424242424242425,0.3203463203463203,,,,,
0.2554112554112554,0.42857142857142855,0.31601731601731603,,,,,
0.252212389,0.4247787610619469,0.3230088495575221,,,,,
0.2543859649122807,0.42543859649122806,0.3201754385964912,,,,,
0.2543859649122807,0.42543859649122806,0.3201754385964912,,,,,
0.24774774774774774,0.42792792792792794,0.32432432432432434,,,,,
0.25333333333333335,0.4266666666666667,0.32,,,,,
0.2576419213973799,0.4148471615720524,0.32751091703056767,,,,,
0.24774774774774774,0.43243243243243246,0.31981981981981983,,,,,
0.2555066079295154,0.42290748898678415,0.32158590308370044,,,,,
0.24324324324324326,0.43243243243243246,0.32432432432432434,,,,,
0.25112107623318386,0.4304932735426009,0.3183856502242152,,,,,
0.2544642857142857,0.42857142857142855,0.3169642857142857,,,,,
0.252212389,0.4247787610619469,0.3230088495575221,,,,,
0.25333333333333335,0.4266666666666667,0.32,,,,,
0.25,0.4318181818181818,0.3181818181818182,,,,,
0.252212389,0.42920353982300885,0.3185840707964602,,,,,
0.25663716814159293,0.4247787610619469,0.3185840707964602,,,,,
0.2565217391304348,0.4260869565217391,0.3173913043478261,,,,,
0.25333333333333335,0.4311111111111111,0.31555555555555553,,,,,
0.25333333333333335,0.4266666666666667,0.32,,,,,
0.25225225225225223,0.42792792792792794,0.31981981981981983,,,,,
0.2577777777777778,0.4266666666666667,0.31555555555555553,,,,,
0.25333333333333335,0.4266666666666667,0.32,,,,,
0.2511013215859031,0.42731277533039647,0.32158590308370044,,,,,
0.2544642857142857,0.42410714285714285,0.32142857142857145,,,,,
0.25112107623318386,0.4304932735426009,0.3183856502242152,,,,,
0.2556053811659193,0.4304932735426009,0.31390134529147984,,,,,
0.2543859649122807,0.42543859649122806,0.3201754385964912,,,,,
0.25,0.4298245614035088,0.3201754385964912,,,,,
0.25,0.42857142857142855,0.32142857142857145,,,,,
0.2576419213973799,0.42358078602620086,0.31877729257641924,,,,,
0.248868778,0.4298642533936652,0.3212669683257919,,,,,
0.25327510917030566,0.42358078602620086,0.3231441048034934,,,,,
0.25116279069767444,0.4418604651162791,0.30697674418604654,,,,,
0.2543859649122807,0.42543859649122806,0.3201754385964912,,,,,
0.25862068965517243,0.4224137931034483,0.31896551724137934,,,,,
0.25217391304347825,0.4260869565217391,0.3217391304347826,,,,,
0.2577777777777778,0.4177777777777778,0.3244444444444444,,,,,
0.25327510917030566,0.4279475982532751,0.31877729257641924,,,,,
0.2584745762711864,0.4279661016949153,0.3135593220338983,,,,,
0.2511013215859031,0.42731277533039647,0.32158590308370044,,,,,
0.25,0.4330357142857143,0.3169642857142857,,,,,
0.24888888888888888,0.4177777777777778,0.3333333333333333,,,,,
0.24778761061946902,0.42920353982300885,0.3230088495575221,,,,,
0.2543859649122807,0.42543859649122806,0.3201754385964912,,,,,
0.25333333333333335,0.4266666666666667,0.32,,,,,
0.2543859649122807,0.42543859649122806,0.3201754385964912,,,,,
0.24888888888888888,0.4266666666666667,0.3244444444444444,,,,,
0.2610619469026549,0.42035398230088494,0.3185840707964602,,,,,
0.25,0.42105263157894735,0.32894736842105265,,,,,
0.24663677130044842,0.4349775784753363,0.3183856502242152,,,,,
0.2556053811659193,0.4304932735426009,0.31390134529147984,,,,,
0.252212389,0.42920353982300885,0.3185840707964602,,,,,
0.2544642857142857,0.42857142857142855,0.3169642857142857,,,,,
0.26180257510729615,0.4206008583690987,0.31759656652360513,,,,,
0.2543859649122807,0.4298245614035088,0.3157894736842105,,,,,
0.2597402597402597,0.4199134199134199,0.3203463203463203,,,,,
0.25112107623318386,0.4304932735426009,0.3183856502242152,,,,,
0.2554112554112554,0.42424242424242425,0.3203463203463203,,,,,
0.2543859649122807,0.42543859649122806,0.3201754385964912,,,,,
0.252212389,0.42920353982300885,0.3185840707964602,,,,,
0.25225225225225223,0.43243243243243246,0.3153153153153153,,,,,
0.2511013215859031,0.43171806167400884,0.31718061674008813,,,,,
0.25,0.4330357142857143,0.3169642857142857,,,,,
0.252212389,0.42920353982300885,0.3185840707964602,,,,,
0.2544642857142857,0.42857142857142855,0.3169642857142857,,,,,
0.2564102564102564,0.4230769230769231,0.32051282051282054,,,,,
0.25,0.42857142857142855,0.32142857142857145,,,,,
0.2555066079295154,0.42731277533039647,0.31718061674008813,,,,,
0.2577777777777778,0.4222222222222222,0.32,,,,,
0.25,0.4330357142857143,0.3169642857142857,,,,,
0.25333333333333335,0.4266666666666667,0.32,,,,,
0.2554112554112554,0.42424242424242425,0.3203463203463203,,,,,
0.24663677130044842,0.4304932735426009,0.32286995515695066,,,,,
0.25333333333333335,0.4266666666666667,0.32,,,,,
0.25217391304347825,0.4260869565217391,0.3217391304347826,,,,,
0.2511013215859031,0.42731277533039647,0.32158590308370044,,,,,
0.2555066079295154,0.42731277533039647,0.31718061674008813,,,,,
0.2555066079295154,0.42731277533039647,0.31718061674008813,,,,,
0.2511013215859031,0.43171806167400884,0.31718061674008813,,,,,
0.25217391304347825,0.4260869565217391,0.3217391304347826,,,,,
0.25112107623318386,0.4304932735426009,0.3183856502242152,,,,,
0.2544642857142857,0.42857142857142855,0.3169642857142857,,,,,
0.2511013215859031,0.42731277533039647,0.32158590308370044,,,,,
0.2555066079295154,0.42290748898678415,0.32158590308370044,,,,,
0.2420091324200913,0.4383561643835616,0.319634703,,,,,
0.25,0.42543859649122806,0.32456140350877194,,,,,
0.24774774774774774,0.43243243243243246,0.31981981981981983,,,,,
0.252212389,0.42920353982300885,0.3185840707964602,,,,,
0.25327510917030566,0.4279475982532751,0.31877729257641924,,,,,
0.25877192982456143,0.42543859649122806,0.3157894736842105,,,,,
0.25327510917030566,0.4279475982532751,0.31877729257641924,,,,,
0.2543103448275862,0.4224137931034483,0.3232758620689655,,,,,
0.24663677130044842,0.4349775784753363,0.3183856502242152,,,,,
0.2445414847161572,0.4279475982532751,0.32751091703056767,,,,,
0.25333333333333335,0.4266666666666667,0.32,,,,,
0.252212389,0.42920353982300885,0.3185840707964602,,,,,
0.25339366515837103,0.4343891402714932,0.31221719457013575,,,,,
0.25,0.4224137931034483,0.3275862068965517,,,,,
0.2543859649122807,0.42543859649122806,0.3201754385964912,,,,,
0.252212389,0.4247787610619469,0.3230088495575221,,,,,
0.2544642857142857,0.42857142857142855,0.3169642857142857,,,,,
0.24774774774774774,0.4369369369369369,0.3153153153153153,,,,,
0.26200873362445415,0.42358078602620086,0.31441048,,,,,
0.252212389,0.42920353982300885,0.3185840707964602,,,,,
0.25,0.42857142857142855,0.32142857142857145,,,,,
0.25,0.4330357142857143,0.3169642857142857,,,,,
0.2576419213973799,0.4279475982532751,0.31441048,,,,,
0.25,0.42857142857142855,0.32142857142857145,,,,,
0.24888888888888888,0.4311111111111111,0.32,,,,,
0.25333333333333335,0.4311111111111111,0.31555555555555553,,,,,
0.25327510917030566,0.4279475982532751,0.31877729257641924,,,,,
0.2556053811659193,0.4260089686098655,0.3183856502242152,,,,,
0.2577777777777778,0.4311111111111111,0.3111111111111111,,,,,
0.242152466,0.4349775784753363,0.32286995515695066,,,,,
0.25877192982456143,0.42543859649122806,0.3157894736842105,,,,,
0.2606837606837607,0.4230769230769231,0.3162393162393162,,,,,
0.24890829694323144,0.43231441048034935,0.31877729257641924,,,,,
0.2597402597402597,0.4199134199134199,0.3203463203463203,,,,,
0.2554112554112554,0.4199134199134199,0.3246753246753247,,,,,
0.252212389,0.4336283185840708,0.3141592920353982,,,,,
0.252212389,0.42920353982300885,0.3185840707964602,,,,,
0.25327510917030566,0.4279475982532751,0.31877729257641924,,,,,
0.2577777777777778,0.4177777777777778,0.3244444444444444,,,,,
0.2631578947368421,0.42105263157894735,0.3157894736842105,,,,,
0.24553571428571427,0.4330357142857143,0.32142857142857145,,,,,
0.252212389,0.4247787610619469,0.3230088495575221,,,,,
0.2576419213973799,0.4192139737991266,0.3231441048034934,,,,,
0.25333333333333335,0.4266666666666667,0.32,,,,,
0.25333333333333335,0.4266666666666667,0.32,,,,,
0.25333333333333335,0.4266666666666667,0.32,,,,,
0.2565217391304348,0.4260869565217391,0.3173913043478261,,,,,
0.2606837606837607,0.4188034188034188,0.32051282051282054,,,,,
0.2532188841201717,0.41201716738197425,0.33476394849785407,,,,,
0.25333333333333335,0.4266666666666667,0.32,,,,,
0.24774774774774774,0.42792792792792794,0.32432432432432434,,,,,
0.2543859649122807,0.42543859649122806,0.3201754385964912,,,,,
0.25,0.42857142857142855,0.32142857142857145,,,,,
0.2556053811659193,0.4260089686098655,0.3183856502242152,,,,,
0.2543859649122807,0.4298245614035088,0.3157894736842105,,,,,
0.2556053811659193,0.4304932735426009,0.31390134529147984,,,,,
0.24888888888888888,0.4311111111111111,0.32,,,,,
0.25,0.4298245614035088,0.3201754385964912,,,,,
0.2556053811659193,0.4304932735426009,0.31390134529147984,,,,,
0.25663716814159293,0.42920353982300885,0.3141592920353982,,,,,
0.252212389,0.4247787610619469,0.3230088495575221,,,,,
0.25217391304347825,0.4260869565217391,0.3217391304347826,,,,,
0.25327510917030566,0.42358078602620086,0.3231441048034934,,,,,
0.2555066079295154,0.4185022026431718,0.32599118942731276,,,,,
0.25,0.4330357142857143,0.3169642857142857,,,,,
0.25333333333333335,0.4311111111111111,0.31555555555555553,,,,,
0.2610619469026549,0.4247787610619469,0.3141592920353982,,,,,
0.25,0.42857142857142855,0.32142857142857145,,,,,
0.25333333333333335,0.4222222222222222,0.3244444444444444,,,,,
0.2576419213973799,0.42358078602620086,0.31877729257641924,,,,,
0.25333333333333335,0.4266666666666667,0.32,,,,,
0.25663716814159293,0.4247787610619469,0.3185840707964602,,,,,
0.2555066079295154,0.42731277533039647,0.31718061674008813,,,,,
0.2544642857142857,0.42410714285714285,0.32142857142857145,,,,,
0.2557077625570776,0.4337899543378995,0.3105022831050228,,,,,
0.2488479262672811,0.42857142857142855,0.3225806451612903,,,,,
0.25339366515837103,0.4298642533936652,0.3167420814479638,,,,,
0.24663677130044842,0.43946188340807174,0.31390134529147984,,,,,
0.24774774774774774,0.43243243243243246,0.31981981981981983,,,,,
0.2511013215859031,0.42731277533039647,0.32158590308370044,,,,,
0.25217391304347825,0.4260869565217391,0.3217391304347826,,,,,
0.2544642857142857,0.42410714285714285,0.32142857142857145,,,,,
0.25112107623318386,0.4304932735426009,0.3183856502242152,,,,,
0.252212389,0.4247787610619469,0.3230088495575221,,,,,
0.25,0.42857142857142855,0.32142857142857145,,,,,
0.25333333333333335,0.4266666666666667,0.32,,,,,
0.2555066079295154,0.42731277533039647,0.31718061674008813,,,,,
0.2510822510822511,0.42424242424242425,0.3246753246753247,,,,,
0.25,0.4318181818181818,0.3181818181818182,,,,,
0.2543859649122807,0.4298245614035088,0.3157894736842105,,,,,
0.25,0.42857142857142855,0.32142857142857145,,,,,
0.25333333333333335,0.4222222222222222,0.3244444444444444,,,,,
0.2565217391304348,0.4260869565217391,0.3173913043478261,,,,,
0.2629310344827586,0.41810344827586204,0.31896551724137934,,,,,
0.2606837606837607,0.4230769230769231,0.3162393162393162,,,,,
0.25327510917030566,0.43231441048034935,0.31441048,,,,,
0.25327510917030566,0.42358078602620086,0.3231441048034934,,,,,
0.2565217391304348,0.4260869565217391,0.3173913043478261,,,,,
0.252212389,0.42920353982300885,0.3185840707964602,,,,,
0.25333333333333335,0.4266666666666667,0.32,,,,,
0.24561403508771928,0.4342105263157895,0.3201754385964912,,,,,
0.25,0.42857142857142855,0.32142857142857145,,,,,
0.24553571428571427,0.42857142857142855,0.32589285714285715,,,,,
0.24663677130044842,0.4349775784753363,0.3183856502242152,,,,,
0.25663716814159293,0.4247787610619469,0.3185840707964602,,,,,
0.25,0.42857142857142855,0.32142857142857145,,,,,
0.252212389,0.4247787610619469,0.3230088495575221,,,,,
0.25225225225225223,0.42792792792792794,0.31981981981981983,,,,,
0.2565217391304348,0.4260869565217391,0.3173913043478261,,,,,
0.25225225225225223,0.42792792792792794,0.31981981981981983,,,,,
0.24888888888888888,0.4311111111111111,0.32,,,,,
0.2565217391304348,0.4260869565217391,0.3173913043478261,,,,,
0.25333333333333335,0.4266666666666667,0.32,,,,,
0.25957446808510637,0.42127659574468085,0.3191489361702128,,,,,
0.25,0.4318181818181818,0.3181818181818182,,,,,
0.25217391304347825,0.4260869565217391,0.3217391304347826,,,,,
0.25327510917030566,0.4279475982532751,0.31877729257641924,,,,,
0.25877192982456143,0.4298245614035088,0.31140350877192985,,,,,
0.25,0.42543859649122806,0.32456140350877194,,,,,
0.2565217391304348,0.4260869565217391,0.3173913043478261,,,,,
0.2544642857142857,0.42857142857142855,0.3169642857142857,,,,,
0.25333333333333335,0.4266666666666667,0.32,,,,,
0.2422907488986784,0.43171806167400884,0.32599118942731276,,,,,
0.25892857142857145,0.42410714285714285,0.3169642857142857,,,,,
0.2511013215859031,0.42731277533039647,0.32158590308370044,,,,,
0.252212389,0.42920353982300885,0.3185840707964602,,,,,
0.2511013215859031,0.42731277533039647,0.32158590308370044,,,,,
0.2555066079295154,0.42731277533039647,0.31718061674008813,,,,,
0.25217391304347825,0.43043478260869567,0.3173913043478261,,,,,
0.2544642857142857,0.42410714285714285,0.32142857142857145,,,,,
0.25327510917030566,0.4279475982532751,0.31877729257641924,,,,,
0.25675675675675674,0.4189189189189189,0.32432432432432434,,,,,
0.25217391304347825,0.43043478260869567,0.3173913043478261,,,,,
0.2544642857142857,0.42857142857142855,0.3169642857142857,,,,,
0.2511013215859031,0.42731277533039647,0.32158590308370044,,,,,
0.2565217391304348,0.4260869565217391,0.3173913043478261,,,,,
0.26339285714285715,0.42410714285714285,0.3125,,,,,
0.252212389,0.42920353982300885,0.3185840707964602,,,,,
0.2543859649122807,0.42543859649122806,0.3201754385964912,,,,,
0.25333333333333335,0.4266666666666667,0.32,,,,,
0.24888888888888888,0.4311111111111111,0.32,,,,,
0.2565217391304348,0.4260869565217391,0.3173913043478261,,,,,
0.25112107623318386,0.4304932735426009,0.3183856502242152,,,,,
0.2577777777777778,0.4222222222222222,0.32,,,,,
0.25333333333333335,0.4266666666666667,0.32,,,,,
0.24778761061946902,0.42920353982300885,0.3230088495575221,,,,,
0.2597402597402597,0.4199134199134199,0.3203463203463203,,,,,
0.25663716814159293,0.42920353982300885,0.3141592920353982,,,,,
0.25225225225225223,0.42792792792792794,0.31981981981981983,,,,,
0.2556053811659193,0.4170403587443946,0.3273542600896861,,,,,
0.25333333333333335,0.4266666666666667,0.32,,,,,
0.2544642857142857,0.42857142857142855,0.3169642857142857,,,,,
0.25217391304347825,0.43043478260869567,0.3173913043478261,,,,,
0.25,0.4318181818181818,0.3181818181818182,,,,,
0.25217391304347825,0.4260869565217391,0.3217391304347826,,,,,
0.25,0.42543859649122806,0.32456140350877194,,,,,
0.252212389,0.42920353982300885,0.3185840707964602,,,,,
0.2543859649122807,0.4298245614035088,0.3157894736842105,,,,,
0.2555066079295154,0.42290748898678415,0.32158590308370044,,,,,
0.2511013215859031,0.42731277533039647,0.32158590308370044,,,,,
0.2544642857142857,0.42857142857142855,0.3169642857142857,,,,,
0.2576419213973799,0.4279475982532751,0.31441048,,,,,
0.24324324324324326,0.4369369369369369,0.31981981981981983,,,,,
0.25,0.4298245614035088,0.3201754385964912,,,,,
0.25,0.42857142857142855,0.32142857142857145,,,,,
0.25112107623318386,0.4304932735426009,0.3183856502242152,,,,,
0.24669603524229075,0.43171806167400884,0.32158590308370044,,,,,
0.25663716814159293,0.4247787610619469,0.3185840707964602,,,,,
0.25327510917030566,0.42358078602620086,0.3231441048034934,,,,,
0.25663716814159293,0.4247787610619469,0.3185840707964602,,,,,
0.24778761061946902,0.42920353982300885,0.3230088495575221,,,,,
0.24890829694323144,0.4279475982532751,0.3231441048034934,,,,,
0.25327510917030566,0.42358078602620086,0.3231441048034934,,,,,
0.2544642857142857,0.42857142857142855,0.3169642857142857,,,,,
0.25327510917030566,0.43231441048034935,0.31441048,,,,,
0.24888888888888888,0.4266666666666667,0.3244444444444444,,,,,
0.2544642857142857,0.42857142857142855,0.3169642857142857,,,,,
0.2511013215859031,0.42731277533039647,0.32158590308370044,,,,,
0.248868778,0.4343891402714932,0.3167420814479638,,,,,
0.25663716814159293,0.42035398230088494,0.3230088495575221,,,,,
0.25333333333333335,0.4266666666666667,0.32,,,,,
0.2543859649122807,0.42543859649122806,0.3201754385964912,,,,,
0.25217391304347825,0.4217391304347826,0.32608695652173914,,,,,
0.2565217391304348,0.4260869565217391,0.3173913043478261,,,,,
0.24778761061946902,0.42920353982300885,0.3230088495575221,,,,,
0.2511013215859031,0.43171806167400884,0.31718061674008813,,,,,
0.2544642857142857,0.42857142857142855,0.3169642857142857,,,,,
0.24888888888888888,0.43555555555555553,0.31555555555555553,,,,,
0.2543859649122807,0.42543859649122806,0.3201754385964912,,,,,
0.2511013215859031,0.42731277533039647,0.32158590308370044,,,,,
0.2555066079295154,0.42731277533039647,0.31718061674008813,,,,,
0.252212389,0.4247787610619469,0.3230088495575221,,,,,
0.25327510917030566,0.42358078602620086,0.3231441048034934,,,,,
0.2565217391304348,0.4260869565217391,0.3173913043478261,,,,,
0.25225225225225223,0.43243243243243246,0.3153153153153153,,,,,
0.2543859649122807,0.42105263157894735,0.32456140350877194,,,,,
0.25,0.42857142857142855,0.32142857142857145,,,,,
0.2565217391304348,0.4217391304347826,0.3217391304347826,,,,,
0.25112107623318386,0.4304932735426009,0.3183856502242152,,,,,
0.25663716814159293,0.42920353982300885,0.3141592920353982,,,,,
0.2544642857142857,0.42410714285714285,0.32142857142857145,,,,,
0.24774774774774774,0.43243243243243246,0.31981981981981983,,,,,
0.24774774774774774,0.4369369369369369,0.3153153153153153,,,,,
0.2599118942731278,0.4185022026431718,0.32158590308370044,,,,,
0.2554112554112554,0.42424242424242425,0.3203463203463203,,,,,
0.2554112554112554,0.4199134199134199,0.3246753246753247,,,,,
0.25333333333333335,0.4266666666666667,0.32,,,,,
0.25,0.4342105263157895,0.3157894736842105,,,,,
0.2576419213973799,0.4279475982532751,0.31441048,,,,,